<a href="/players/quincy_acy.htm">Acy, Quincy</a><br />
<a href="/players/jordan_adams.htm">Adams, Jordan</a><br />
<a href="/players/steven_adams.htm">Adams, Steven</a><br />
<a href="/players/arron_afflalo.htm">Afflalo, Arron</a><br />
<a href="/players/alexis_ajinca.htm">Ajinca, Alexis</a><br />
<a href="/players/furkan_aldemir.htm">Aldemir, Furkan</a><br />
<a href="/players/cole_aldrich.htm">Aldrich, Cole</a><br />
<a href="/players/lamarcus_aldridge.htm">Aldridge, LaMarcus</a><br />
<a href="/players/lavoy_allen.htm">Allen, Lavoy</a><br />
<a href="/players/tony_allen.htm">Allen, Tony</a><br />
<a href="/players/al_farouq_aminu.htm">Aminu, Al-Farouq</a><br />
<a href="/players/louis_amundson.htm">Amundson, Louis</a><br />
<a href="/players/chris_andersen.htm">Andersen, Chris</a><br />
<a href="/players/alan_anderson.htm">Anderson, Alan</a><br />
<a href="/players/kyle_anderson.htm">Anderson, Kyle</a><br />
<a href="/players/ryan_anderson.htm">Anderson, Ryan</a><br />
<a href="/players/giannis_antetokounmpo.htm">Antetokounmpo, Giannis</a><br />
<a href="/players/carmelo_anthony.htm">Anthony, Carmelo</a><br />
<a href="/players/joel_anthony.htm">Anthony, Joel</a><br />
<a href="/players/pero_antic.htm">Antic, Pero</a><br />
<a href="/players/trevor_ariza.htm">Ariza, Trevor</a><br />
<a href="/players/darrell_arthur.htm">Arthur, Darrell</a><br />
<a href="/players/omer_asik.htm">Asik, Omer</a><br />
<a href="/players/dj_augustin.htm">Augustin, DJ</a><br />
<a href="/players/jeff_pendergraph.htm">Ayres, Jeff</a><br />
<a href="/players/chris_babb.htm">Babb, Chris</a><br />
<a href="/players/luke_babbitt.htm">Babbitt, Luke</a><br />
<a href="/players/cameron_bairstow.htm">Bairstow, Cameron</a><br />
<a href="/players/leandrinho_barbosa.htm">Barbosa, Leandro</a><br />
<a href="/players/jose_juan_barea.htm">Barea, Jose Juan</a><br />
<a href="/players/andrea_bargnani.htm">Bargnani, Andrea</a><br />
<a href="/players/harrison_barnes.htm">Barnes, Harrison</a><br />
<a href="/players/matt_barnes.htm">Barnes, Matt</a><br />
<a href="/players/earl_barron.htm">Barron, Earl</a><br />
<a href="/players/will_barton.htm">Barton, Will</a><br />
<a href="/players/brandon_bass.htm">Bass, Brandon</a><br />
<a href="/players/nicolas_batum.htm">Batum, Nicolas</a><br />
<a href="/players/jerryd_bayless.htm">Bayless, Jerryd</a><br />
<a href="/players/aron_baynes.htm">Baynes, Aron</a><br />
<a href="/players/kent_bazemore.htm">Bazemore, Kent</a><br />
<a href="/players/bradley_beal.htm">Beal, Bradley</a><br />
<a href="/players/michael_beasley.htm">Beasley, Michael</a><br />
<a href="/players/marco_belinelli.htm">Belinelli, Marco</a><br />
<a href="/players/jerrelle_benimon.htm">Benimon, Jerrelle</a><br />
<a href="/players/anthony_bennett.htm">Bennett, Anthony</a><br />
<a href="/players/patrick_beverley.htm">Beverley, Patrick</a><br />
<a href="/players/sim_bhullar.htm">Bhullar, Sim</a><br />
<a href="/players/bismack_biyombo.htm">Biyombo, Bismack</a><br />
<a href="/players/tarik_black.htm">Black, Tarik</a><br />
<a href="/players/dejuan_blair.htm">Blair, DeJuan</a><br />
<a href="/players/steve_blake.htm">Blake, Steve</a><br />
<a href="/players/eric_bledsoe.htm">Bledsoe, Eric</a><br />
<a href="/players/vander_blue.htm">Blue, Vander</a><br />
<a href="/players/bojan_bogdanovic.htm">Bogdanovic, Bojan</a><br />
<a href="/players/andrew_bogut.htm">Bogut, Andrew</a><br />
<a href="/players/matt_bonner.htm">Bonner, Matt</a><br />
<a href="/players/trevor_booker.htm">Booker, Trevor</a><br />
<a href="/players/carlos_boozer.htm">Boozer, Carlos</a><br />
<a href="/players/chris_bosh.htm">Bosh, Chris</a><br />
<a href="/players/avery_bradley.htm">Bradley, Avery</a><br />
<a href="/players/elton_brand.htm">Brand, Elton</a><br />
<a href="/players/corey_brewer.htm">Brewer, Corey</a><br />
<a href="/players/aaron_brooks.htm">Brooks, Aaron</a><br />
<a href="/players/jabari_brown.htm">Brown, Jabari</a><br />
<a href="/players/lorenzo_brown.htm">Brown, Lorenzo</a><br />
<a href="/players/markel_brown.htm">Brown, Markel</a><br />
<a href="/players/kobe_bryant.htm">Bryant, Kobe</a><br />
<a href="/players/chase_budinger.htm">Budinger, Chase</a><br />
<a href="/players/reggie_bullock.htm">Bullock, Reggie</a><br />
<a href="/players/trey_burke.htm">Burke, Trey</a><br />
<a href="/players/alec_burks.htm">Burks, Alec</a><br />
<a href="/players/caron_butler.htm">Butler, Caron</a><br />
<a href="/players/jimmy_butler.htm">Butler, Jimmy</a><br />
<a href="/players/rasual_butler.htm">Butler, Rasual</a><br />
<a href="/players/dwight_buycks.htm">Buycks, Dwight</a><br />
<a href="/players/will_bynum.htm">Bynum, Will</a><br />
<a href="/players/bruno_caboclo.htm">Caboclo, Bruno</a><br />
<a href="/players/nick_calathes.htm">Calathes, Nick</a><br />
<a href="/players/jose_manuel_calderon.htm">Calderon, Jose</a><br />
<a href="/players/kentavious_caldwell_pope.htm">Caldwell-Pope, Kentavious</a><br />
<a href="/players/isaiah_canaan.htm">Canaan, Isaiah</a><br />
<a href="/players/clint_capela.htm">Capela, Clint</a><br />
<a href="/players/demarre_carroll.htm">Carroll, DeMarre</a><br />
<a href="/players/vince_carter.htm">Carter, Vince</a><br />
<a href="/players/michael_carter_williams.htm">Carter-Williams, Michael</a><br />
<a href="/players/omri_casspi.htm">Casspi, Omri</a><br />
<a href="/players/tyson_chandler.htm">Chandler, Tyson</a><br />
<a href="/players/wilson_chandler.htm">Chandler, Wilson</a><br />
<a href="/players/patrick_christopher.htm">Christopher, Patrick</a><br />
<a href="/players/earl_clark.htm">Clark, Earl</a><br />
<a href="/players/ian_clark.htm">Clark, Ian</a><br />
<a href="/players/jordan_clarkson.htm">Clarkson, Jordan</a><br />
<a href="/players/norris_cole.htm">Cole, Norris</a><br />
<a href="/players/darren_collison.htm">Collison, Darren</a><br />
<a href="/players/nick_collison.htm">Collison, Nick</a><br />
<a href="/players/mike_conley.htm">Conley, Mike</a><br />
<a href="/players/jack_cooley.htm">Cooley, Jack</a><br />
<a href="/players/chris_copeland.htm">Copeland, Chris</a><br />
<a href="/players/bryce_cotton.htm">Cotton, Bryce</a><br />
<a href="/players/demarcus_cousins.htm">Cousins, DeMarcus</a><br />
<a href="/players/robert_covington.htm">Covington, Robert</a><br />
<a href="/players/allen_crabbe.htm">Crabbe, Allen</a><br />
<a href="/players/jamal_crawford.htm">Crawford, Jamal</a><br />
<a href="/players/jae_crowder.htm">Crowder, Jae</a><br />
<a href="/players/dante_cunningham.htm">Cunningham, Dante</a><br />
<a href="/players/seth_curry.htm">Curry, Seth</a><br />
<a href="/players/stephen_curry.htm">Curry, Stephen</a><br />
<a href="/players/troy_daniels.htm">Daniels, Troy</a><br />
<a href="/players/luigi_datome.htm">Datome, Gigi</a><br />
<a href="/players/anthony_davis.htm">Davis, Anthony</a><br />
<a href="/players/ed_davis.htm">Davis, Ed</a><br />
<a href="/players/glen_davis.htm">Davis, Glen</a><br />
<a href="/players/austin_daye.htm">Daye, Austin</a><br />
<a href="/players/dewayne_dedmon.htm">Dedmon, Dewayne</a><br />
<a href="/players/matthew_dellavedova.htm">Dellavedova, Matthew</a><br />
<a href="/players/luol_deng.htm">Deng, Luol</a><br />
<a href="/players/demar_derozan.htm">DeRozan, DeMar</a><br />
<a href="/players/boris_diaw.htm">Diaw, Boris</a><br />
<a href="/players/gorgui_dieng.htm">Dieng, Gorgui</a><br />
<a href="/players/spencer_dinwiddie.htm">Dinwiddie, Spencer</a><br />
<a href="/players/joey_dorsey.htm">Dorsey, Joey</a><br />
<a href="/players/toney_douglas.htm">Douglas, Toney</a><br />
<a href="/players/goran_dragic.htm">Dragic, Goran</a><br />
<a href="/players/zoran_dragic.htm">Dragic, Zoran</a><br />
<a href="/players/andre_drummond.htm">Drummond, Andre</a><br />
<a href="/players/jared_dudley.htm">Dudley, Jared</a><br />
<a href="/players/tim_duncan.htm">Duncan, Tim</a><br />
<a href="/players/mike_dunleavy.htm">Dunleavy, Mike</a><br />
<a href="/players/kevin_durant.htm">Durant, Kevin</a><br />
<a href="/players/cleanthony_early.htm">Early, Cleanthony</a><br />
<a href="/players/jarell_eddie.htm">Eddie, Jarell</a><br />
<a href="/players/wayne_ellington.htm">Ellington, Wayne</a><br />
<a href="/players/monta_ellis.htm">Ellis, Monta</a><br />
<a href="/players/joel_embiid.htm">Embiid, Joel</a><br />
<a href="/players/james_ennis.htm">Ennis, James</a><br />
<a href="/players/tyler_ennis.htm">Ennis, Tyler</a><br />
<a href="/players/jeremy_evans.htm">Evans, Jeremy</a><br />
<a href="/players/reggie_evans.htm">Evans, Reggie</a><br />
<a href="/players/tyreke_evans.htm">Evans, Tyreke</a><br />
<a href="/players/dante_exum.htm">Exum, Dante</a><br />
<a href="/players/festus_ezeli.htm">Ezeli, Festus</a><br />
<a href="/players/kenneth_faried.htm">Faried, Kenneth</a><br />
<a href="/players/derrick_favors.htm">Favors, Derrick</a><br />
<a href="/players/raymond_felton.htm">Felton, Raymond</a><br />
<a href="/players/landry_fields.htm">Fields, Landry</a><br />
<a href="/players/evan_fournier.htm">Fournier, Evan</a><br />
<a href="/players/randy_foye.htm">Foye, Randy</a><br />
<a href="/players/jamal_franklin.htm">Franklin, Jamaal</a><br />
<a href="/players/tim_frazier.htm">Frazier, Tim</a><br />
<a href="/players/joel_freeland.htm">Freeland, Joel</a><br />
<a href="/players/channing_frye.htm">Frye, Channing</a><br />
<a href="/players/danilo_gallinari.htm">Gallinari, Danilo</a><br />
<a href="/players/langston_galloway.htm">Galloway, Langston</a><br />
<a href="/players/kevin_garnett.htm">Garnett, Kevin</a><br />
<a href="/players/marc_gasol.htm">Gasol, Marc</a><br />
<a href="/players/pau_gasol.htm">Gasol, Pau</a><br />
<a href="/players/rudy_gay.htm">Gay, Rudy</a><br />
<a href="/players/alonzo_gee.htm">Gee, Alonzo</a><br />
<a href="/players/paul_george.htm">George, Paul</a><br />
<a href="/players/taj_gibson.htm">Gibson, Taj</a><br />
<a href="/players/emanuel_ginobili.htm">Ginobili, Manu</a><br />
<a href="/players/rudy_gobert.htm">Gobert, Rudy</a><br />
<a href="/players/drew_gooden.htm">Gooden, Drew</a><br />
<a href="/players/archie_goodwin.htm">Goodwin, Archie</a><br />
<a href="/players/aaron_gordon.htm">Gordon, Aaron</a><br />
<a href="/players/ben_gordon.htm">Gordon, Ben</a><br />
<a href="/players/eric_gordon.htm">Gordon, Eric</a><br />
<a href="/players/marcin_gortat.htm">Gortat, Marcin</a><br />
<a href="/players/danny_granger.htm">Granger, Danny</a><br />
<a href="/players/jerami_grant.htm">Grant, Jerami</a><br />
<a href="/players/danny_green.htm">Green, Danny</a><br />
<a href="/players/draymond_green.htm">Green, Draymond</a><br />
<a href="/players/erick_green.htm">Green, Erick</a><br />
<a href="/players/gerald_green.htm">Green, Gerald</a><br />
<a href="/players/jamychal_green.htm">Green, JaMychal</a><br />
<a href="/players/jeff_green.htm">Green, Jeff</a><br />
<a href="/players/willie_green.htm">Green, Willie</a><br />
<a href="/players/blake_griffin.htm">Griffin, Blake</a><br />
<a href="/players/jorge_gutierrez.htm">Gutierrez, Jorge</a><br />
<a href="/players/pj_hairston.htm">Hairston, PJ</a><br />
<a href="/players/jordan_hamilton.htm">Hamilton, Jordan</a><br />
<a href="/players/justin_hamilton.htm">Hamilton, Justin</a><br />
<a href="/players/tyler_hansbrough.htm">Hansbrough, Tyler</a><br />
<a href="/players/tim_hardaway_jr.htm">Hardaway Jr, Tim</a><br />
<a href="/players/james_harden.htm">Harden, James</a><br />
<a href="/players/moe_harkless.htm">Harkless, Moe</a><br />
<a href="/players/devin_harris.htm">Harris, Devin</a><br />
<a href="/players/gary_harris.htm">Harris, Gary</a><br />
<a href="/players/joe_harris.htm">Harris, Joe</a><br />
<a href="/players/tobias_harris.htm">Harris, Tobias</a><br />
<a href="/players/udonis_haslem.htm">Haslem, Udonis</a><br />
<a href="/players/spencer_hawes.htm">Hawes, Spencer</a><br />
<a href="/players/chuck_hayes.htm">Hayes, Chuck</a><br />
<a href="/players/gordon_hayward.htm">Hayward, Gordon</a><br />
<a href="/players/brendan_haywood.htm">Haywood, Brendan</a><br />
<a href="/players/gerald_henderson.htm">Henderson, Gerald</a><br />
<a href="/players/john_henson.htm">Henson, John</a><br />
<a href="/players/roy_hibbert.htm">Hibbert, Roy</a><br />
<a href="/players/jj_hickson.htm">Hickson, JJ</a><br />
<a href="/players/nene_hilario.htm">Hilário, Nenê</a><br />
<a href="/players/george_hill.htm">Hill, George</a><br />
<a href="/players/jordan_hill.htm">Hill, Jordan</a><br />
<a href="/players/solomon_hill.htm">Hill, Solomon</a><br />
<a href="/players/kirk_hinrich.htm">Hinrich, Kirk</a><br />
<a href="/players/jrue_holiday.htm">Holiday, Jrue</a><br />
<a href="/players/justin_holiday.htm">Holiday, Justin</a><br />
<a href="/players/ryan_hollins.htm">Hollins, Ryan</a><br />
<a href="/players/rodney_hood.htm">Hood, Rodney</a><br />
<a href="/players/al_horford.htm">Horford, Al</a><br />
<a href="/players/dwight_howard.htm">Howard, Dwight</a><br />
<a href="/players/lester_hudson.htm">Hudson, Lester</a><br />
<a href="/players/robbie_hummel.htm">Hummel, Robbie</a><br />
<a href="/players/kris_humphries.htm">Humphries, Kris</a><br />
<a href="/players/serge_ibaka.htm">Ibaka, Serge</a><br />
<a href="/players/andre_iguodala.htm">Iguodala, Andre</a><br />
<a href="/players/ersan_ilyasova.htm">Ilyasova, Ersan</a><br />
<a href="/players/joe_ingles.htm">Ingles, Joe</a><br />
<a href="/players/damien_inglis.htm">Inglis, Damien</a><br />
<a href="/players/kyrie_irving.htm">Irving, Kyrie</a><br />
<a href="/players/jarrett_jack.htm">Jack, Jarrett</a><br />
<a href="/players/reggie_jackson.htm">Jackson, Reggie</a><br />
<a href="/players/bernard_james.htm">James, Bernard</a><br />
<a href="/players/lebron_james.htm">James, LeBron</a><br />
<a href="/players/al_jefferson.htm">Jefferson, Al</a><br />
<a href="/players/cory_jefferson.htm">Jefferson, Cory</a><br />
<a href="/players/richard_jefferson.htm">Jefferson, Richard</a><br />
<a href="/players/john_jenkins.htm">Jenkins, John</a><br />
<a href="/players/brandon_jennings.htm">Jennings, Brandon</a><br />
<a href="/players/jonas_jerebko.htm">Jerebko, Jonas</a><br />
<a href="/players/grant_jerrett.htm">Jerrett, Grant</a><br />
<a href="/players/amir_johnson.htm">Johnson, Amir</a><br />
<a href="/players/christapher_johnson.htm">Johnson, Christapher</a><br />
<a href="/players/james_johnson.htm">Johnson, James</a><br />
<a href="/players/joe_johnson.htm">Johnson, Joe</a><br />
<a href="/players/nick_johnson.htm">Johnson, Nick</a><br />
<a href="/players/tyler_johnson.htm">Johnson, Tyler</a><br />
<a href="/players/wesley_johnson.htm">Johnson, Wesley</a><br />
<a href="/players/dahntay_jones.htm">Jones, Dahntay</a><br />
<a href="/players/james_jones.htm">Jones, James</a><br />
<a href="/players/perry_jones.htm">Jones, Perry</a><br />
<a href="/players/terrence_jones.htm">Jones, Terrence</a><br />
<a href="/players/deandre_jordan.htm">Jordan, DeAndre</a><br />
<a href="/players/jerome_jordan.htm">Jordan, Jerome</a><br />
<a href="/players/cory_joseph.htm">Joseph, Cory</a><br />
<a href="/players/chris_kaman.htm">Kaman, Chris</a><br />
<a href="/players/enes_kanter.htm">Kanter, Enes</a><br />
<a href="/players/sergey_karasev.htm">Karasev, Sergey</a><br />
<a href="/players/ryan_kelly.htm">Kelly, Ryan</a><br />
<a href="/players/michael_kidd_gilchrist.htm">Kidd-Gilchrist, Michael</a><br />
<a href="/players/sean_kilpatrick.htm">Kilpatrick, Sean</a><br />
<a href="/players/brandon_knight.htm">Knight, Brandon</a><br />
<a href="/players/kyle_korver.htm">Korver, Kyle</a><br />
<a href="/players/kosta_koufos.htm">Koufos, Kosta</a><br />
<a href="/players/ognjen_kuzmic.htm">Kuzmic, Ognjen</a><br />
<a href="/players/jeremy_lamb.htm">Lamb, Jeremy</a><br />
<a href="/players/carl_landry.htm">Landry, Carl</a><br />
<a href="/players/shane_larkin.htm">Larkin, Shane</a><br />
<a href="/players/joffrey_lauvergne.htm">Lauvergne, Joffrey</a><br />
<a href="/players/zach_lavine.htm">LaVine, Zach</a><br />
<a href="/players/ty_lawson.htm">Lawson, Ty</a><br />
<a href="/players/ricky_ledo.htm">Ledo, Ricky</a><br />
<a href="/players/courtney_lee.htm">Lee, Courtney</a><br />
<a href="/players/david_lee.htm">Lee, David</a><br />
<a href="/players/alex_len.htm">Len, Alex</a><br />
<a href="/players/kawhi_leonard.htm">Leonard, Kawhi</a><br />
<a href="/players/meyers_leonard.htm">Leonard, Meyers</a><br />
<a href="/players/jon_leuer.htm">Leuer, Jon</a><br />
<a href="/players/damian_lillard.htm">Lillard, Damian</a><br />
<a href="/players/jeremy_lin.htm">Lin, Jeremy</a><br />
<a href="/players/shaun_livingston.htm">Livingston, Shaun</a><br />
<a href="/players/brook_lopez.htm">Lopez, Brook</a><br />
<a href="/players/robin_lopez.htm">Lopez, Robin</a><br />
<a href="/players/kevin_love.htm">Love, Kevin</a><br />
<a href="/players/kyle_lowry.htm">Lowry, Kyle</a><br />
<a href="/players/john_lucas.htm">Lucas, John</a><br />
<a href="/players/shelvin_mack.htm">Mack, Shelvin</a><br />
<a href="/players/ian_mahinmi.htm">Mahinmi, Ian</a><br />
<a href="/players/devyn_marble.htm">Marble, Devyn</a><br />
<a href="/players/shawn_marion.htm">Marion, Shawn</a><br />
<a href="/players/cartier_martin.htm">Martin, Cartier</a><br />
<a href="/players/kevin_martin.htm">Martin, Kevin</a><br />
<a href="/players/wesley_matthews.htm">Matthews, Wesley</a><br />
<a href="/players/jason_maxiell.htm">Maxiell, Jason</a><br />
<a href="/players/oj_mayo.htm">Mayo, OJ</a><br />
<a href="/players/luc_richard_mbah_a_moute.htm">Mbah a Moute, Luc Richard</a><br />
<a href="/players/james_mcadoo.htm">McAdoo, James Michael</a><br />
<a href="/players/ray_mccallum.htm">McCallum, Ray</a><br />
<a href="/players/cj_mccollum.htm">McCollum, CJ</a><br />
<a href="/players/kj_mcdaniels.htm">McDaniels, KJ</a><br />
<a href="/players/doug_mcdermott.htm">McDermott, Doug</a><br />
<a href="/players/mitch_mcgary.htm">McGary, Mitch</a><br />
<a href="/players/ben_mclemore.htm">McLemore, Ben</a><br />
<a href="/players/jerel_mcneal.htm">McNeal, Jerel</a><br />
<a href="/players/josh_mcroberts.htm">McRoberts, Josh</a><br />
<a href="/players/jodie_meeks.htm">Meeks, Jodie</a><br />
<a href="/players/khris_middleton.htm">Middleton, Khris</a><br />
<a href="/players/cj_miles.htm">Miles, CJ</a><br />
<a href="/players/andre_miller.htm">Miller, Andre</a><br />
<a href="/players/mike_miller.htm">Miller, Mike</a><br />
<a href="/players/quincy_miller.htm">Miller, Quincy</a><br />
<a href="/players/patrick_mills.htm">Mills, Patrick</a><br />
<a href="/players/elijah_millsap.htm">Millsap, Elijah</a><br />
<a href="/players/paul_millsap.htm">Millsap, Paul</a><br />
<a href="/players/nikola_mirotic.htm">Mirotic, Nikola</a><br />
<a href="/players/nazr_mohammed.htm">Mohammed, Nazr</a><br />
<a href="/players/greg_monroe.htm">Monroe, Greg</a><br />
<a href="/players/etwaun_moore.htm">Moore, E'Twaun</a><br />
<a href="/players/eric_moreland.htm">Moreland, Eric</a><br />
<a href="/players/darius_morris.htm">Morris, Darius</a><br />
<a href="/players/marcus_morris.htm">Morris, Marcus</a><br />
<a href="/players/markieff_morris.htm">Morris, Markieff</a><br />
<a href="/players/anthony_morrow.htm">Morrow, Anthony</a><br />
<a href="/players/donatas_motiejunas.htm">Motiejunas, Donatas</a><br />
<a href="/players/timofey_mozgov.htm">Mozgov, Timofey</a><br />
<a href="/players/shabazz_muhammad.htm">Muhammad, Shabazz</a><br />
<a href="/players/mike_muscala.htm">Muscala, Mike</a><br />
<a href="/players/shabazz_napier.htm">Napier, Shabazz</a><br />
<a href="/players/gary_neal.htm">Neal, Gary</a><br />
<a href="/players/jameer_nelson.htm">Nelson, Jameer</a><br />
<a href="/players/andrew_nicholson.htm">Nicholson, Andrew</a><br />
<a href="/players/joakim_noah.htm">Noah, Joakim</a><br />
<a href="/players/nerlens_noel.htm">Noel, Nerlens</a><br />
<a href="/players/lucas_nogueira.htm">Nogueira, Lucas</a><br />
<a href="/players/steve_novak.htm">Novak, Steve</a><br />
<a href="/players/dirk_nowitzki.htm">Nowitzki, Dirk</a><br />
<a href="/players/jusuf_nurkic.htm">Nurkic, Jusuf</a><br />
<a href="/players/johnny_obryant.htm">O'Bryant, Johnny</a><br />
<a href="/players/kyle_oquinn.htm">O'Quinn, Kyle</a><br />
<a href="/players/victor_oladipo.htm">Oladipo, Victor</a><br />
<a href="/players/kelly_olynyk.htm">Olynyk, Kelly</a><br />
<a href="/players/arinze_onuaku.htm">Onuaku, Arinze</a><br />
<a href="/players/zaur_pachulia.htm">Pachulia, Zaza</a><br />
<a href="/players/kostas_papanikolaou.htm">Papanikolaou, Kostas</a><br />
<a href="/players/jannero_pargo.htm">Pargo, Jannero</a><br />
<a href="/players/jabari_parker.htm">Parker, Jabari</a><br />
<a href="/players/tony_parker.htm">Parker, Tony</a><br />
<a href="/players/chandler_parsons.htm">Parsons, Chandler</a><br />
<a href="/players/patrick_patterson.htm">Patterson, Patrick</a><br />
<a href="/players/chris_paul.htm">Paul, Chris</a><br />
<a href="/players/adreian_payne.htm">Payne, Adreian</a><br />
<a href="/players/elfrid_payton.htm">Payton, Elfrid</a><br />
<a href="/players/nikola_pekovic.htm">Pekovic, Nikola</a><br />
<a href="/players/kendrick_perkins.htm">Perkins, Kendrick</a><br />
<a href="/players/paul_pierce.htm">Pierce, Paul</a><br />
<a href="/players/mason_plumlee.htm">Plumlee, Mason</a><br />
<a href="/players/miles_plumlee.htm">Plumlee, Miles</a><br />
<a href="/players/quincy_pondexter.htm">Pondexter, Quincy</a><br />
<a href="/players/otto_porter.htm">Porter, Otto</a><br />
<a href="/players/dwight_powell.htm">Powell, Dwight</a><br />
<a href="/players/phil_pressey.htm">Pressey, Phil</a><br />
<a href="/players/ronnie_price.htm">Price, Ronnie</a><br />
<a href="/players/pablo_prigioni.htm">Prigioni, Pablo</a><br />
<a href="/players/tayshaun_prince.htm">Prince, Tayshaun</a><br />
<a href="/players/miroslav_raduljica.htm">Raduljica, Miroslav</a><br />
<a href="/players/julius_randle.htm">Randle, Julius</a><br />
<a href="/players/shavlik_randolph.htm">Randolph, Shavlik</a><br />
<a href="/players/zach_randolph.htm">Randolph, Zach</a><br />
<a href="/players/jj_redick.htm">Redick, JJ</a><br />
<a href="/players/jason_richardson.htm">Richardson, Jason</a><br />
<a href="/players/luke_ridnour.htm">Ridnour, Luke</a><br />
<a href="/players/austin_rivers.htm">Rivers, Austin</a><br />
<a href="/players/andre_roberson.htm">Roberson, Andre</a><br />
<a href="/players/brian_roberts.htm">Roberts, Brian</a><br />
<a href="/players/thomas_robinson.htm">Robinson, Thomas</a><br />
<a href="/players/glenn_robinson_iii.htm">Robinson III, Glenn</a><br />
<a href="/players/rajon_rondo.htm">Rondo, Rajon</a><br />
<a href="/players/derrick_rose.htm">Rose, Derrick</a><br />
<a href="/players/terrence_ross.htm">Ross, Terrence</a><br />
<a href="/players/ricky_rubio.htm">Rubio, Ricky</a><br />
<a href="/players/damjan_rudez.htm">Rudez, Damjan</a><br />
<a href="/players/brandon_rush.htm">Rush, Brandon</a><br />
<a href="/players/robert_sacre.htm">Sacre, Robert</a><br />
<a href="/players/jakarr_sampson.htm">Sampson, Jakarr</a><br />
<a href="/players/dennis_schroeder.htm">Schroeder, Dennis</a><br />
<a href="/players/luis_scola.htm">Scola, Luis</a><br />
<a href="/players/mike_scott.htm">Scott, Mike</a><br />
<a href="/players/thabo_sefolosha.htm">Sefolosha, Thabo</a><br />
<a href="/players/kevin_seraphin.htm">Seraphin, Kevin</a><br />
<a href="/players/ramon_sessions.htm">Sessions, Ramon</a><br />
<a href="/players/iman_shumpert.htm">Shumpert, Iman</a><br />
<a href="/players/alexey_shved.htm">Shved, Alexey</a><br />
<a href="/players/henry_sims.htm">Sims, Henry</a><br />
<a href="/players/kyle_singler.htm">Singler, Kyle</a><br />
<a href="/players/donald_sloan.htm">Sloan, Donald</a><br />
<a href="/players/marcus_smart.htm">Smart, Marcus</a><br />
<a href="/players/greg_smith.htm">Smith, Greg</a><br />
<a href="/players/ishmael_smith.htm">Smith, Ishmael</a><br />
<a href="/players/jason_smith.htm">Smith, Jason</a><br />
<a href="/players/josh_smith.htm">Smith, Josh</a><br />
<a href="/players/jr_smith.htm">Smith, JR</a><br />
<a href="/players/russ_smith.htm">Smith, Russ</a><br />
<a href="/players/tony_snell.htm">Snell, Tony</a><br />
<a href="/players/marreese_speights.htm">Speights, Marreese</a><br />
<a href="/players/tiago_splitter.htm">Splitter, Tiago</a><br />
<a href="/players/nik_stauskus.htm">Stauskas, Nik</a><br />
<a href="/players/lance_stephenson.htm">Stephenson, Lance</a><br />
<a href="/players/greg_stiemsma.htm">Stiemsma, Greg</a><br />
<a href="/players/david_stockton.htm">Stockton, David</a><br />
<a href="/players/jarnell_stokes.htm">Stokes, Jarnell</a><br />
<a href="/players/amare_stoudemire.htm">Stoudemire, Amare</a><br />
<a href="/players/rodney_stuckey.htm">Stuckey, Rodney</a><br />
<a href="/players/jared_sullinger.htm">Sullinger, Jared</a><br />
<a href="/players/jeffery_taylor.htm">Taylor, Jeffery</a><br />
<a href="/players/jeff_teague.htm">Teague, Jeff</a><br />
<a href="/players/mirza_teletovic.htm">Teletovic, Mirza</a><br />
<a href="/players/garrett_temple.htm">Temple, Garrett</a><br />
<a href="/players/jason_terry.htm">Terry, Jason</a><br />
<a href="/players/isaiah_thomas.htm">Thomas, Isaiah</a><br />
<a href="/players/lance_thomas.htm">Thomas, Lance</a><br />
<a href="/players/hollis_thompson.htm">Thompson, Hollis</a><br />
<a href="/players/jason_thompson.htm">Thompson, Jason</a><br />
<a href="/players/klay_thompson.htm">Thompson, Klay</a><br />
<a href="/players/tristan_thompson.htm">Thompson, Tristan</a><br />
<a href="/players/marcus_thornton.htm">Thornton, Marcus</a><br />
<a href="/players/anthony_tolliver.htm">Tolliver, Anthony</a><br />
<a href="/players/pj_tucker.htm">Tucker, PJ</a><br />
<a href="/players/hidayet_turkoglu.htm">Turkoglu, Hidayet</a><br />
<a href="/players/evan_turner.htm">Turner, Evan</a><br />
<a href="/players/ekpe_udoh.htm">Udoh, Ekpe</a><br />
<a href="/players/beno_udrih.htm">Udrih, Beno</a><br />
<a href="/players/jonas_valanciunas.htm">Valanciunas, Jonas</a><br />
<a href="/players/anderson_varejao.htm">Varejao, Anderson</a><br />
<a href="/players/greivis_vasquez.htm">Vasquez, Greivis</a><br />
<a href="/players/charlie_villanueva.htm">Villanueva, Charlie</a><br />
<a href="/players/noah_vonleh.htm">Vonleh, Noah</a><br />
<a href="/players/nikola_vucevic.htm">Vucevic, Nikola</a><br />
<a href="/players/dwyane_wade.htm">Wade, Dwyane</a><br />
<a href="/players/dion_waiters.htm">Waiters, Dion</a><br />
<a href="/players/bill_walker.htm">Walker, Henry</a><br />
<a href="/players/kemba_walker.htm">Walker, Kemba</a><br />
<a href="/players/john_wall.htm">Wall, John</a><br />
<a href="/players/gerald_wallace.htm">Wallace, Gerald</a><br />
<a href="/players/tj_warren.htm">Warren, TJ</a><br />
<a href="/players/cj_watson.htm">Watson, CJ</a><br />
<a href="/players/travis_wear.htm">Wear, Travis</a><br />
<a href="/players/martell_webster.htm">Webster, Martell</a><br />
<a href="/players/david_west.htm">West, David</a><br />
<a href="/players/russell_westbrook.htm">Westbrook, Russell</a><br />
<a href="/players/hassan_whiteside.htm">Whiteside, Hassan</a><br />
<a href="/players/shayne_whittington.htm">Whittington, Shayne</a><br />
<a href="/players/andrew_wiggins.htm">Wiggins, Andrew</a><br />
<a href="/players/cj_wilcox.htm">Wilcox, CJ</a><br />
<a href="/players/deron_williams.htm">Williams, Deron</a><br />
<a href="/players/derrick_williams.htm">Williams, Derrick</a><br />
<a href="/players/louis_williams.htm">Williams, Louis</a><br />
<a href="/players/marvin_williams.htm">Williams, Marvin</a><br />
<a href="/players/maurice_williams.htm">Williams, Maurice</a><br />
<a href="/players/reggie_williams.htm">Williams, Reggie</a><br />
<a href="/players/shawne_williams.htm">Williams, Shawne</a><br />
<a href="/players/jeff_withey.htm">Withey, Jeff</a><br />
<a href="/players/brandan_wright.htm">Wright, Brandan</a><br />
<a href="/players/dorell_wright.htm">Wright, Dorell</a><br />
<a href="/players/tony_wroten.htm">Wroten, Tony</a><br />
<a href="/players/james_young.htm">Young, James</a><br />
<a href="/players/nick_young.htm">Young, Nick</a><br />
<a href="/players/thaddeus_young.htm">Young, Thaddeus</a><br />
<a href="/players/cody_zeller.htm">Zeller, Cody</a><br />
<a href="/players/tyler_zeller.htm">Zeller, Tyler</a><br />